[
  {
    "value": "calor",
    "synonyms": [
      "calor",
      "quente",
      "suando",
      "temperatura alta",
      "pelando",
      "sol"
    ]
  },
  {
    "value": "frio",
    "synonyms": [
      "frio",
      "tremendo",
      "resfriado"
    ]
  },
  {
    "value": "chuva",
    "synonyms": [
      "chuva",
      "pingo",
      "tempo feio",
      "nublado",
      "tempo está mudando"
    ]
  },
  {
    "value": "tempo",
    "synonyms": [
      "tempo",
      "temperatura",
      "clima",
      "previsão"
    ]
  },
  {
    "value": "vento",
    "synonyms": [
      "vento",
      "ciclone",
      "tufão",
      "tornado",
      "furacão",
      "tromba-dagua"
    ]
  }
]