[
  {
    "id": "a9a25212-17dc-45dd-b654-f569587627c7",
    "data": [
      {
        "text": "Bobo",
        "meta": "@sys.ignore",
        "userDefined": false
      }
    ],
    "isTemplate": false,
    "count": 0,
    "lang": "pt-br",
    "updated": 0
  },
  {
    "id": "ac4af015-1a14-4b32-885e-ccb1b8d4171b",
    "data": [
      {
        "text": "é tão burro que não entende",
        "userDefined": false
      }
    ],
    "isTemplate": false,
    "count": 0,
    "lang": "pt-br",
    "updated": 0
  },
  {
    "id": "17b4578e-73e9-4449-a3cb-c55fefa51e6c",
    "data": [
      {
        "text": "burra",
        "userDefined": false
      }
    ],
    "isTemplate": false,
    "count": 0,
    "lang": "pt-br",
    "updated": 0
  },
  {
    "id": "5e2ea05a-630e-41fd-8004-cae2b2b96d89",
    "data": [
      {
        "text": "burro!",
        "userDefined": false
      }
    ],
    "isTemplate": false,
    "count": 0,
    "lang": "pt-br",
    "updated": 0
  },
  {
    "id": "c7209f78-2fe9-4dfd-91aa-1c20e042bdc3",
    "data": [
      {
        "text": "filho",
        "meta": "@sys.ignore",
        "userDefined": false
      },
      {
        "text": " da puta",
        "userDefined": false
      }
    ],
    "isTemplate": false,
    "count": 0,
    "lang": "pt-br",
    "updated": 0
  },
  {
    "id": "754b9919-33b9-4975-95e5-1743df659c95",
    "data": [
      {
        "text": "vai pro caralho!",
        "userDefined": false
      }
    ],
    "isTemplate": false,
    "count": 0,
    "lang": "pt-br",
    "updated": 0
  },
  {
    "id": "6d2f635b-7061-41f0-8def-cb0ecd865b3c",
    "data": [
      {
        "text": "vtnc",
        "userDefined": false
      }
    ],
    "isTemplate": false,
    "count": 0,
    "lang": "pt-br",
    "updated": 0
  },
  {
    "id": "58814fdf-2255-4ace-b2ef-5f5bbcdd5712",
    "data": [
      {
        "text": "vá se foder",
        "userDefined": false
      }
    ],
    "isTemplate": false,
    "count": 0,
    "lang": "pt-br",
    "updated": 0
  },
  {
    "id": "dd1c19f9-750e-477a-b6cb-48dbe239d45b",
    "data": [
      {
        "text": "vai ",
        "userDefined": false
      },
      {
        "text": "tomar",
        "meta": "@sys.ignore",
        "userDefined": false
      },
      {
        "text": " no cu",
        "userDefined": false
      }
    ],
    "isTemplate": false,
    "count": 0,
    "lang": "pt-br",
    "updated": 0
  },
  {
    "id": "466fb864-0b73-4d65-983b-3ea89f8b4bd8",
    "data": [
      {
        "text": "nao  fode",
        "userDefined": false
      }
    ],
    "isTemplate": false,
    "count": 0,
    "lang": "pt-br",
    "updated": 0
  },
  {
    "id": "6ffc1b28-7bee-40cd-9714-422e6eac411e",
    "data": [
      {
        "text": "burro pra caralho!",
        "userDefined": false
      }
    ],
    "isTemplate": false,
    "count": 0,
    "lang": "pt-br",
    "updated": 0
  },
  {
    "id": "5f51aa62-3a72-4c0d-bdc8-d10b2813cd9a",
    "data": [
      {
        "text": "não fode",
        "userDefined": false
      }
    ],
    "isTemplate": false,
    "count": 0,
    "lang": "pt-br",
    "updated": 0
  },
  {
    "id": "ccbe1058-b0ff-4490-b7d6-e2aab848b305",
    "data": [
      {
        "text": "vá pra puta que o pariu!",
        "userDefined": false
      }
    ],
    "isTemplate": false,
    "count": 0,
    "lang": "pt-br",
    "updated": 0
  },
  {
    "id": "50275edf-6da7-41e3-9d79-f160b70ed978",
    "data": [
      {
        "text": "vsf",
        "meta": "@sys.ignore",
        "userDefined": false
      }
    ],
    "isTemplate": false,
    "count": 0,
    "lang": "pt-br",
    "updated": 0
  },
  {
    "id": "ef8e1a2d-1bea-4efb-a54e-59dcb2d1b9da",
    "data": [
      {
        "text": "teu cu",
        "userDefined": false
      }
    ],
    "isTemplate": false,
    "count": 0,
    "lang": "pt-br",
    "updated": 0
  }
]