[
  {
    "id": "8eb368a0-bdb0-4b7a-bd45-0f7349aeb671",
    "data": [
      {
        "text": "tudo ",
        "userDefined": false
      },
      {
        "text": "bem!",
        "meta": "@sys.ignore",
        "userDefined": false
      }
    ],
    "isTemplate": false,
    "count": 0,
    "lang": "pt-br",
    "updated": 0
  },
  {
    "id": "935432c2-3071-4118-81b1-4fe9c11cb692",
    "data": [
      {
        "text": "tmj!",
        "userDefined": false
      }
    ],
    "isTemplate": false,
    "count": 0,
    "lang": "pt-br",
    "updated": 0
  },
  {
    "id": "f187c053-2614-4a1a-8122-9135233d732a",
    "data": [
      {
        "text": "flw",
        "meta": "@sys.ignore",
        "userDefined": false
      }
    ],
    "isTemplate": false,
    "count": 0,
    "lang": "pt-br",
    "updated": 0
  },
  {
    "id": "6b1022a5-4e08-46a7-9c8b-4b9d33445945",
    "data": [
      {
        "text": "falou",
        "meta": "@sys.ignore",
        "userDefined": false
      },
      {
        "text": "!",
        "userDefined": false
      }
    ],
    "isTemplate": false,
    "count": 0,
    "lang": "pt-br",
    "updated": 0
  },
  {
    "id": "58c027f7-8eb3-4ee3-9674-c62e2c0adf87",
    "data": [
      {
        "text": "boa",
        "meta": "@sys.ignore",
        "userDefined": false
      },
      {
        "text": "!",
        "userDefined": false
      }
    ],
    "isTemplate": false,
    "count": 0,
    "lang": "pt-br",
    "updated": 0
  },
  {
    "id": "0e3d939f-d926-4eb9-8955-47905d09c55a",
    "data": [
      {
        "text": "agradecido!",
        "userDefined": false
      }
    ],
    "isTemplate": false,
    "count": 0,
    "lang": "pt-br",
    "updated": 0
  },
  {
    "id": "a15067ab-c21b-4989-9d05-c05f55b53768",
    "data": [
      {
        "text": "valeu!",
        "userDefined": false
      }
    ],
    "isTemplate": false,
    "count": 0,
    "lang": "pt-br",
    "updated": 0
  },
  {
    "id": "1ba9f863-97fa-48d8-8c21-9855068178a5",
    "data": [
      {
        "text": "vlw",
        "userDefined": false
      }
    ],
    "isTemplate": false,
    "count": 0,
    "lang": "pt-br",
    "updated": 0
  },
  {
    "id": "dbaf5894-1ae0-4324-a42e-ba178ac35c3f",
    "data": [
      {
        "text": "obrigado",
        "userDefined": false
      }
    ],
    "isTemplate": false,
    "count": 0,
    "lang": "pt-br",
    "updated": 0
  }
]