[
  {
    "id": "3e5afdc4-d5bf-45b4-a62d-e73fc9e26957",
    "data": [
      {
        "text": "tempo ",
        "userDefined": false
      },
      {
        "text": "hoje",
        "meta": "@sys.date-time",
        "alias": "date-time",
        "userDefined": false
      },
      {
        "text": " ",
        "userDefined": false
      },
      {
        "text": "rio",
        "meta": "@sys.location",
        "alias": "location",
        "userDefined": false
      }
    ],
    "isTemplate": false,
    "count": 0,
    "lang": "pt-br",
    "updated": 0
  },
  {
    "id": "3bd4d535-3280-455d-b340-ccb3218b3cbb",
    "data": [
      {
        "text": "tempo ",
        "userDefined": false
      },
      {
        "text": "hoje",
        "meta": "@sys.date-time",
        "alias": "date-time",
        "userDefined": false
      }
    ],
    "isTemplate": false,
    "count": 0,
    "lang": "pt-br",
    "updated": 0
  },
  {
    "id": "148c0241-5c8f-487b-b7e5-d4c83faa807e",
    "data": [
      {
        "text": "tempo",
        "userDefined": false
      }
    ],
    "isTemplate": false,
    "count": 0,
    "lang": "pt-br",
    "updated": 0
  },
  {
    "id": "25ef13d1-e374-4bf9-8997-188626f26791",
    "data": [
      {
        "text": "previsao ",
        "userDefined": false
      },
      {
        "text": "hoje",
        "meta": "@sys.date-time",
        "alias": "date-time",
        "userDefined": false
      },
      {
        "text": " ",
        "userDefined": false
      },
      {
        "text": "rio",
        "meta": "@sys.location",
        "alias": "location",
        "userDefined": false
      }
    ],
    "isTemplate": false,
    "count": 0,
    "lang": "pt-br",
    "updated": 0
  },
  {
    "id": "389efdaf-5de1-4603-b135-372e9ef32dac",
    "data": [
      {
        "text": "previsão ",
        "userDefined": false
      },
      {
        "text": "hoje",
        "meta": "@sys.date-time",
        "alias": "date-time",
        "userDefined": false
      }
    ],
    "isTemplate": false,
    "count": 0,
    "lang": "pt-br",
    "updated": 0
  },
  {
    "id": "9439e0da-d008-4c5a-a8a7-ddce690d2023",
    "data": [
      {
        "text": "Previsão",
        "userDefined": false
      }
    ],
    "isTemplate": false,
    "count": 0,
    "lang": "pt-br",
    "updated": 0
  },
  {
    "id": "e2143d5b-f1ee-4445-80d9-7345fc04b8a4",
    "data": [
      {
        "text": "clima ",
        "userDefined": false
      },
      {
        "text": "hoje",
        "meta": "@sys.date-time",
        "alias": "date-time",
        "userDefined": false
      },
      {
        "text": " no ",
        "userDefined": false
      },
      {
        "text": "rio",
        "meta": "@sys.location",
        "alias": "location",
        "userDefined": false
      }
    ],
    "isTemplate": false,
    "count": 0,
    "lang": "pt-br",
    "updated": 0
  },
  {
    "id": "5da5a123-1c03-4aa7-a676-d24b9f778df2",
    "data": [
      {
        "text": "clima em ",
        "userDefined": false
      },
      {
        "text": "sao paulo",
        "meta": "@sys.location",
        "alias": "location",
        "userDefined": false
      }
    ],
    "isTemplate": false,
    "count": 0,
    "lang": "pt-br",
    "updated": 0
  },
  {
    "id": "5c76f133-c1e7-4ad5-92bf-fe1b9416b7b6",
    "data": [
      {
        "text": "clima no ",
        "userDefined": false
      },
      {
        "text": "rj",
        "meta": "@sys.location",
        "alias": "location",
        "userDefined": false
      }
    ],
    "isTemplate": false,
    "count": 0,
    "lang": "pt-br",
    "updated": 0
  },
  {
    "id": "fda00d84-01b9-492e-96f7-af8d043154df",
    "data": [
      {
        "text": "clima ",
        "userDefined": false
      },
      {
        "text": "RJ",
        "meta": "@sys.location",
        "alias": "location",
        "userDefined": true
      }
    ],
    "isTemplate": false,
    "count": 0,
    "lang": "pt-br",
    "updated": 0
  }
]