[
  {
    "id": "932ff829-f0b8-48aa-9a83-68209e49334d",
    "data": [
      {
        "text": "vai chover ",
        "userDefined": false
      },
      {
        "text": "hoe",
        "meta": "@sys.date-time",
        "alias": "date-time",
        "userDefined": true
      },
      {
        "text": " no ",
        "userDefined": false
      },
      {
        "text": "rio",
        "meta": "@sys.location",
        "alias": "location",
        "userDefined": false
      },
      {
        "text": "?",
        "userDefined": false
      }
    ],
    "isTemplate": false,
    "count": 0,
    "lang": "pt-br",
    "updated": 0
  },
  {
    "id": "9d2f27e8-42f8-48ce-9179-65033125890c",
    "data": [
      {
        "text": "vai chover no ",
        "userDefined": false
      },
      {
        "text": "rio",
        "meta": "@sys.location",
        "alias": "location",
        "userDefined": false
      },
      {
        "text": "?",
        "userDefined": false
      }
    ],
    "isTemplate": false,
    "count": 0,
    "lang": "pt-br",
    "updated": 0
  },
  {
    "id": "5d91dfd3-92e7-474c-af85-92330924af1b",
    "data": [
      {
        "text": "hoje",
        "meta": "@sys.date-time",
        "alias": "date-time",
        "userDefined": false
      },
      {
        "text": " vai chover no ",
        "userDefined": false
      },
      {
        "text": "Rio de Janeiro",
        "meta": "@sys.location",
        "alias": "location",
        "userDefined": true
      },
      {
        "text": "?",
        "userDefined": false
      }
    ],
    "isTemplate": false,
    "count": 0,
    "lang": "pt-br",
    "updated": 0
  },
  {
    "id": "6a986d87-1e91-45b5-b689-40c4ad118439",
    "data": [
      {
        "text": "vai chover no ",
        "userDefined": false
      },
      {
        "text": "Rio de Janeiro",
        "meta": "@sys.location",
        "alias": "location",
        "userDefined": true
      },
      {
        "text": "?",
        "userDefined": false
      }
    ],
    "isTemplate": false,
    "count": 0,
    "lang": "pt-br",
    "updated": 0
  },
  {
    "id": "a2cf08b8-a080-4a89-8e95-8af993d8f73b",
    "data": [
      {
        "text": "chove?",
        "userDefined": false
      }
    ],
    "isTemplate": false,
    "count": 0,
    "lang": "pt-br",
    "updated": 0
  },
  {
    "id": "9895371e-85a4-4525-8de6-b313339927c6",
    "data": [
      {
        "text": "vai chover?",
        "userDefined": false
      }
    ],
    "isTemplate": false,
    "count": 0,
    "lang": "pt-br",
    "updated": 0
  }
]